DROP TABLE IF EXISTS etudiant_periode, Periode, Semestre, Etudiant, Groupe;

CREATE TABLE Groupe (
    id_groupe INT AUTO_INCREMENT,
    libelle VARCHAR(255),
    PRIMARY KEY (id_groupe)
);

CREATE TABLE Etudiant (
  idEtudiant INT AUTO_INCREMENT,
  nom VARCHAR(20),
  adresse VARCHAR(40),
  ville VARCHAR(20),
  code_postal VARCHAR(5),
  telephone VARCHAR(10),
  date_naissance DATE,
  sexe VARCHAR(1),
  boursier VARCHAR(1),
  groupe_id INT,
  PRIMARY KEY(idEtudiant),
  FOREIGN KEY (groupe_id) REFERENCES Groupe(id_groupe)
);

CREATE TABLE Semestre (
    id_semestre INT AUTO_INCREMENT,
    libelle VARCHAR(255),
    PRIMARY KEY (id_semestre)
);


CREATE TABLE Periode (
    id_periode INT AUTO_INCREMENT,
    date_debut  DATE,
    date_fin DATE,
    PRIMARY KEY (id_periode)
);

CREATE TABLE etudiant_periode (
    etudiant_id INT,
    periode_id INT,
    semestre_id INT,
    PRIMARY KEY (etudiant_id, periode_id, semestre_id),
    FOREIGN KEY (etudiant_id) REFERENCES Etudiant(idEtudiant),
    FOREIGN KEY (periode_id) REFERENCES Periode(id_periode),
    FOREIGN KEY (semestre_id) REFERENCES Semestre(id_semestre)
);

INSERT INTO Groupe VALUES (NULL,'A1'),(NULL,'A2'),(NULL,'B1'),(NULL,'B2'),(NULL,'C1'),(NULL,'C2'),(NULL,'D1');

-- 2022
INSERT INTO Etudiant (idEtudiant, nom, adresse, ville, code_postal, telephone, date_naissance, sexe, boursier, groupe_id) VALUES
(1, 'BERNARD', '1 rue sous bois', 'Belfort', '90000', '0384545401', '2003-01-01', 'F', 'N', 1),
(19, 'CHAVEAUX', '5 rue du chasseur', 'Strasbourg', '68000', '0384545419', '2003-01-01', 'H', 'N', 2),
(20, 'PRETTOT', '8 rue vilapogo', 'Belfort', '90000', '0384545420', '2003-07-12', 'H', 'O', 2),
(7, 'RIOT', '67 rue pasteur', 'Montbeliard', '25200', '0384545407', '2003-06-06', 'H', 'N', 2),
(8, 'BOISSENIN', '1 rue sous bois', 'Belfort', '90000', '0384545408', '2003-08-09', 'H', 'O', 2),
(2, 'PEQUIGNOT', '2 rue de la liberation', 'Valdoie', '90300', '0384545402', '2002-06-06', 'H', 'O', 1),
(3, 'ZILLIOX', '7 rue du verger', 'Bavilliers', '90120', '0384545403', '2002-01-01', 'H', 'N', 1),
(4, 'MONNIER', '3 rue du boulanger', 'TAILLECOURT', '25400', '0384545404', '2002-02-06', 'H', 'O', 1),
(5, 'BRISCHOUX', '5 rue du chasseur', 'Belfort', '90000', '0384545405', '2002-05-25', 'H', 'N', 2),
(6, 'DUVAL', '8 rue vilapogo', 'Bavilliers', '90120', '0384545406', '2002-03-11', 'H', 'O', 2),
   (10, 'FAIVRE', '7 rue des vergers  de rioz', 'Valdoie', '90300', '0384545410', '2002-01-05', 'H', 'O', 3),
(17, 'DELANOE', '7 rue du verger', 'Valdoie', '90300', '0384545417', '2002-01-01', 'H', 'N', 1),
(18, 'BONVALOT', '3 rue du boulanger', 'Belfort', '90000', '0384545418', '2002-01-01', 'H', 'O', 1),
(21, 'COULON', '67 rue pasteur', 'Valdoie', '90300', '0384545421', '2002-01-01', 'H', 'N', 2),
(23, 'KENDE', '2 rue de la liberation', 'Bavilliers', '90120', '0384545423', '2002-05-31', 'H', 'N', 3),
(24, 'KLEIN', '7 rue du verger', 'Montbeliard', '25200', '0384545424', '2002-01-01', 'H', 'N', 3),
(25, 'VALZER', '3 rue du boulanger', 'Valdoie', '90300', '0384545425', '2002-01-06', 'H', 'O', 3),
(26, 'PY', '5 rue du chasseur', NULL, '90000', '0384545426', '2002-01-10', 'F', 'N', 3),
(27, 'VERNET', '8 rue vilapogo', NULL, '90120', '0384545427', '2002-02-02', 'H', 'O', 4),
(28, 'BAILLIT', '67 rue pasteur', NULL, '25200', '0384545428', '2002-01-01', 'H', 'N', 4),
(16, 'LUZET', '2 rue de la liberation', 'Belfort', '90000', '0384545416', '2001-01-01', 'H', 'O', 1),
  (22, 'VALOT', '1 rue sous bois', '', '90000', '0384545422', '2001-12-12', 'H', 'O', 2),
(29, 'DUPONT', '8 rue vilapogo', '', '90300', '0384545429', '2001-06-06', 'H', 'O', 4),
   (11, 'FAIVRE', '3 rue des vergers', 'Cernay', '68000', '0384545411', '2001-01-01', 'F', 'N', 3),
(12, 'DUCHENNE', '5 rue du chasseur', 'Belfort', '90000', '0384545412', '2001-01-01', 'F', 'O', 3),
(13, 'BOULANGER', '8 rue vilapogo', 'Belfort', '90000', '0384545413', '2001-01-01', 'F', 'N', 1),
   (9, 'FONTAINE-LEGIOT', '2 rue des vergers', 'Mulhouse', '68000', '0384545409', '2000-01-01', 'H', 'N', 3),
(14, 'MOREAU', '67 rue pasteur', 'Belfort', '90000', '0384545414', '2000-06-01', 'H', 'O', 1),
(15, 'RIGOULOT', '1 rue sous bois', 'Valdoie', '90300', '0384545415', '2000-12-12', 'H', 'N', 1);

INSERT INTO Semestre VALUES (NULL,'S1'),(NULL,'S2'),(NULL,'S3'),(NULL,'S4'),(NULL,'S5'),(NULL,'S6');

INSERT INTO Periode VALUES (NULL,'2022-09-01','2023-01-15'),(NULL,'2023-1-15','2023-7-1'),
                           (NULL,'2023-09-01','2024-01-15'),(NULL,'2024-1-15','2024-7-1'),
                           (NULL,'2024-09-01','2025-01-15'),(NULL,'2025-1-15','2025-7-1');

INSERT INTO etudiant_periode VALUES (1,1,1),(19,1,2),(20,1,2),(7,1,1),(8,1,1),(2,1,1),(3,1,1),(4,1,1),(5,1,1),
(6,1,1),(10,1,1),(17,1,2),(18,1,2),(21,1,2),(23,1,2),(24,1,2),(25,1,2),(26,1,2),(27,1,3),(28,1,3),(16,1,2),
(22,1,2),(29,1,3),(11,1,1),(12,1,1),(13,1,2),(9,1,1),(14,1,2),(15,1,2);


SELECT COUNT(*) AS Nbre_etudiants, Semestre.libelle
FROM Semestre
INNER JOIN etudiant_periode ON Semestre.id_semestre = etudiant_periode.semestre_id
GROUP BY Semestre.libelle;

SELECT COUNT(etudiant_periode.etudiant_id), Semestre.libelle
FROM Semestre
LEFT JOIN etudiant_periode ON Semestre.id_semestre = etudiant_periode.semestre_id
GROUP BY Semestre.libelle;

DROP TABLE IF EXISTS Etudiant;
DROP TABLE IF EXISTS Groupe;